id,famille origine,id-base,planet,people,prosperity,recommandation,criteres,justifications,etape cycle de vie,test 1.1.1,test 1.1.2,test 1.1.3,correspondance,lien,type,difficulté de mise en oeuvre,objectif odd couverts par la recommandation,incontournables,tags opérationnel,acteurs,indicateurs,x indicateurs,y indicateurs,priorité,récurrence,use case,exemple,limites,automatisable,automatisation,automatisation level,automatisation informations
0,STRATEGIE,STR-1.04,A,B,A,Définir et valider les besoins et les enjeux du projet afin d'anticiper les impacts,Le besoin métier est-il exprimé ?,Les incertitudes poussent à extrapoler les besoins souvent au delà des attentes réelles ce qui est nuisible pour les impacts environnementaux,Conception,Les besoins métiers sont-ils évalués de manière impartiale par rapport à des usages ?,,,,,RECO,*,,INCONTOURNABLE,#VOL ; #USE ; #VALUE ; #METH ; #FIN,ProductOwner ;,(X / Y ) * 100,Expression rédigée et validée = 100 ; Expression formalisée = 75 ; Tacite = 30 ; Non = 0,100,High,OnUpdate,"La documentation de collecte et expression des besoins est formalisée, validée et partagée",,,,,,
1,STRATEGIE,STR-1.16,A,A,A,Définir et valider les besoins et les enjeux du projet afin d'anticiper les impacts,Le besoin couvert par le service numérique s'inscrit-il dans l'un des objectifs de développement durable?,"Le questionnement de l'utilité du service numérique par rapport à l'un ou plusieurs des 17 ODD est capital, afin d'éviter la production de services numériques qui ne soient pas porteurs de valeurs.",Conception,Le service répond-t-il à au moins l'un des Objectifs de Développement Durable (ODD) ? ,,,,,RECO,*,,INCONTOURNABLE,#USE ; #COM ; #VALUE ; #METH ; #GOV ;,ProjectMngr ; ProductOwner ; RSE/NR ;,(X / Y ) * 100,Au moins 1 ODD couvert = 100 ; 0 ODD = 0,100,High,Once,Fiche de cadrage projet,,,Y,#INSTRUMENTATION,***,Tags ODD dans le document de cardage
2,STRATEGIE,STR-2.04,A,A,B,"Prévoir, préparer et valider les disponibilités des ressources humaines du Numérique Responsable","Les parties prenantes internes et externes sont-elles sensibilisées, voire formées/certifiées au NR ?","Chaque partie prenante à besoin d'une information efficace sur son domaine d'expertise et d'action, seul un plan de formation adapté peut apporter cette efficacité en amont des projets",N/A,Quel budget formation est alloué par type de profil ?,,,,,RECO,*,,INCONTOURNABLE,#COM ; #METH,ProjectMngr ; Manager ; RSE/NR ; HR ; ITMngr,(X / Y ) * 100,Sensibilisations NR,Membre équipe,High,Periodic,Le plan de formation intègre les diffusions de sensibilisations et formations aux aspects NR. La communication externe propage les enjeux environnementaux du numérique.,,,,,,
3,STRATEGIE,STR-3.08,A,A,B,Déterminer et planifier la capacité de suivre et capitaliser sur les composantes Numérique Responsable des projets,La conformité numérique responsable est-elle exposée ?,"Un service numérique concu en respectant les recommandations du numérique responsable doit exposer les acquis et faiblesses identfiés. Dans une démarche similaire à celle déployée pour l'accessibilité avec la ""déclaration d'accessibilité"".",Conception,Une déclaration de conception responsable est-elle disponible pour le service numérique ?,,,,,RECO,*,,INCONTOURNABLE,#USE ; #COM ; #VALUE ; #METH ; #GOV ;,ProjectMngr ; ProductOwner ; RSE/NR ;,(X / Y ) * 100,Document validé et exposé = 100 ; Partiel = 50 ; Prévu = 25 ; Non = 0,100,High,Once,"Document ""déclaration de conception responsable""",,,,,,
4,SPECIFICATIONS,SPC-1.01,A,A,B,Organiser les ressources humaines projets pour permettre la prise en compte de la démarche NR,Les enjeux NR du projet ont-ils été communiqués à l'équipe dès l'origine ?,La démarche NR est mieux prise en compte lorsqu'elle s'insère par un processus systémique et qu'elle est exposée comme direction à suivre pour tous les acteurs.,N/A,Combien de personnes sensibilisées / formées au NR dans l'équipe projet ?,,,,,RECO,*,,INCONTOURNABLE,#COM ; #METH ; #GOV ; #HR,ProjectMngr ; ProductOwner ; Manager ; RSE/NR ;  ITMngr,(X / Y ) * 100,Enjeux NR communiqués,Membre équipe,High,Once,La fiche projet précise les objectifs et attendus NR,,,,,,
5,SPECIFICATIONS,SPC-1.03,B,A,B,Organiser les ressources humaines projets pour permettre la prise en compte de la démarche NR,Chaque entité de l'équipe Projet dispose-t-elle des compétences NR ?,"Chacune des étapes projet requiert des connaissances spécifiques pour les aspects NR, il est important que toutes les étapes soient couvertes afin que les résultats NR soient cohérents tout au long de la vie du service.",N/A,Combien de personnes sont sensibilisées et formées au NR ?,,,,,RECO,*,,INCONTOURNABLE,#COM ; #METH ; #HR ;,ProjectMngr ; ProductOwner ; Manager ; ITMngr ;,(X / Y ) * 100,Plan de formation NR = 100 ; Mise à dispo de ressources NR = 50 ; Non = 0,100,High,OnUpdate,Plan de formation adapté à chacun des profils,,,,,,
6,SPECIFICATIONS,SPC-3.02,B,B,B,Organiser la méthodologie projet pour permettre d'appliquer une démarche NR,Quelle proportion des fonctionnalités (User Story) ont une composante NR ? ,"Certaines fonctionnalités peuvent être conçues avec des impacts NR très différents. En l'absence de clarification, la solution choisie sera le plus souvent pilotée par la facilité ou l'appétence technique, ce qui s'oppose en général à la performance NR. Le seul moyen de guider les décisions est d'introduire des points d'attention sur les aspects NR dans la majorité des User Stories.",Conception,Une exigence NR est-elle justifiée plutôt qu'un aspect NR dans une exigence plus générale ?,,,,,RECO,*,,INCONTOURNABLE,#USE ; #MAINT ; #METH ;,Dev ; Designer ; ProjectMngr ; ProductOwner,(X / Y ) * 100,Nombre US avec info NR,Nombre US,High,OnUpdate,Le Backlog utilise des Tags/Labels NR pour identifier les user stories avec des éléments NR,,,Y,#INSTRUMENTATION,**,Tag NR dans le backlog
7,SPECIFICATIONS,SPC-5.02,B,C,B,Préparer le suivi du cycle de vie du projet et des indicateurs de performance / bénéfice NR,Dans le processus d'achat (Appel d'offre) des exigences d'engagement NR sont-elles demandées aux prestataires externes ?,"Un projet est rarement réalisé avec un périmètre couvert à 100% au sein de l'organisation, nombre de ressources externes sont mobilisées au cours du projet. Les spécifications permettent d'identifier ces ressources nécessaires et leur associer des exigences NR pour permettre de sélectionner les prestataires en fonctions des contraintes techniques, de solvabilité économique et de NR.",Acquisition,Les exigences NR des prestataires sont-elles définies ?,,,,,RECO,*,,INCONTOURNABLE,#COM ; #VALUE ; #GOV ; #BUY,Manager ; RSE/NR ; HR ; ITMngr,(X / Y ) * 100,Exigences NR dans AO,Appel d'offres,High,OnUpdate,Les procédures d'achat contiennent des éléments de sélection liées aux enjeux NR,,,,,,
8,SPECIFICATIONS,SPC-5.07,A,B,A,Préparer le suivi du cycle de vie du projet et des indicateurs de performance / bénéfice NR,"Les données et procédures spécifiées ont-elles toutes une information de fin de vie ?
",Les spécifications font apparaître des collections de données des procédures asynchrones ou des tâches périodiques indispensables au bon fonctionnement du service. Ces éléments sont le plus souvent invisibles et en l'absence de spécifications explicites des processus de retrait ils sont rarement pris en compte dans les fins d'exploitation d'un service. Chacun de ces éléments doit porter sa propre information de fin de vie.,Fin de Vie,La catalogue des procédures et données est-il à jour ?,,,,,RECO,*,,INCONTOURNABLE,#VOL ; #VALUE ;,Dev ; Designer ; ProjectMngr ; ProductOwner,(X / Y ) * 100,Formalisés = 100 ; prévus = 75 ; Identifiés = 50 ; Non = 0,100,Medium,OnUpdate,Chaque élément référencé dans le Dossier Technique porte une information de fin de vie,,,Y,#INSTRUMENTATION,***,Tag EnD Of Life dans les US
9,UX/UI,UX/UI-1.01,B,A,B,Intégrer le Numérique Responsable dans les objectifs majeurs du projet,"Dans les méthodes d'idéation, l'ensemble des parties prenantes est-il pris en compte dans toute sa dimension (humaine) ?","Mettre l'Utilisateur au centre de la réflexion est la garantie de couvrir les besoins essentiels de vos cibles et d'avancer dans le bon sens. Par Utilisateurs, nous entendons les usagers finaux du service ou du produit mais également les différentes parties prenantes du projet. Considérer vos utilisateurs avec une dimension humaine et empathique permet d'élargir le prisme de votre réflexion et d'aller au-delà des aspects économiques et technologiques du projet.",Conception,"Une cartographie des parties prenantes a-t-elle été réalisée ? 

Une priorisation des parties prenantes est-elle faite ?  

","Les différentes parties prenantes sont-elles intégrées dans les différents outils : expérience et service Map, cartes UX, shadowing, workshops, etc. ) ?

Une approche Human-Centered Design est-elle utilisée ? ",L'approche User centric est-elle présente ? ,"SL : Stakeholders map template


SL : Human-Centered Design ","SL : https://diytoolkit.org/media/People-and-Connections-map-Size-A4.pdf


SL : https://www.designkit.org/methods

https://www.ideo.com/post/design-kit",RECO,***,,INCONTOURNABLE,#COM ;  #METH ;,Designer ; ProductOwner ;,(X / Y ) * 100,Formalisés = 100 ; prévus = 75 ; Identifiés = 50 ; Non = 0,100,High,OnUpdate,Le panel de profils d'utilisateurs couvre l'ensemble des aspects humains que le NR doit adresser pour éviter la fracture numérique,,,,,,
10,UX/UI,UX/UI-1.02,A,B,B,Intégrer le Numérique Responsable dans les objectifs majeurs du projet,La planète est-elle prise en compte dans les méthodes d'idéation pour intégrer la dimension écologique (planet centric design) ?,"Chaque décision de conception a un impact. Si les problématiques environnementales et écologiques ne sont pas au coeur de l'analyse, aucun objectif de maîtrise ou de réduction des impacts ne sera pris en compte et donc respecté.",Conception,Le toolkit planet centric est-il connu et utilisé ?,,, Planet Centric toolkit, https://planetcentricdesign.com/,RECO,***,,INCONTOURNABLE,#COM ;  #METH ;,Designer ; ProductOwner ;,(X / Y ) * 100,Formalisés = 100 ; prévus = 75 ; Identifiés = 50 ; Non = 0,100,High,OnUpdate,Une démarche systémique / Planet Centric est mise en place. ,,,,,,
11,UX/UI,UX/UI-1.03,B,B,A,Intégrer le Numérique Responsable dans les objectifs majeurs du projet,Les plus-values extra-financières du numérique responsable sont-elles valorisées dans le business model ?,Le Numérique Responsable (NR) peut-être considéré comme un réel vecteur de développement économique au sein de votre organisation. Intégrer la dimension NR de façon pérenne à votre business model permettra d'éviter des arbitrages permanents sur sa valorisation et son intégration à vos futurs projets.,Utilisation,"Les valeurs humaines, écologiques et économiques se retrouvent-elles dans le business model canvas et sont-elles validées par toutes les parties prenantes  ? ","Un ""Evidence planning"" est-il utilisé pour mettre en valeur les différents gains et coûts des 3P ? ",,"ND: voir les templates (naissants) de sustainable business canvas ?

Sl : Evidence planning","SL : https://www.designkit.org/methods/business-model-canvas


SL : https://diytoolkit.org/media/Evidence-Planning-A4.pdf",RECO,***,,INCONTOURNABLE,#COM ; #VALUE ; #FIN ;,ProjectMngr ; ProductOwner ; Manager ; ITMngr ;,(X / Y ) * 100,Formalisés = 100 ; prévus = 75 ; Identifiés = 50 ; Non = 0,100,High,Once,les analyses de bénéfices couvrent les aspects NR avec leurs retombées ,,,,,,
12,UX/UI,UX/UI-2.01,B,A,A,Sensibiliser les parties prenantes internes et externes au Numérique Responsable,Les parties prenantes sont-elles sensibilisées au NR ?,"Pour adhérer, il faut comprendre. Le NR n'est pas une discipline technique. Les principes du NR doivent être mis en oeuvre dans des pratiques métiers et les comportements de chacun des acteurs. Toutes les parties prenantes du projet doivent être sensibilisées au NR pour agir à leur niveau.",N/A,"Un partage de la connaissance et une sensibilisation vers les parties prenantes sont-ils en place ?
",Un support de sensibilisation adaptable aux différents projets et aux différents niveaux de connaissance de l'ensemble des parties prenantes est-il disponible ?,,"partage des référentiels NR
prévoir au planning du temps (et un budget ? ) de sensibilisation",,RECO,*,,INCONTOURNABLE,#COM ; #GOV ; #HR ;,RSE/NR ; HR ;,(X / Y ) * 100,Sensibilisations NR,Membre équipe,High,Periodic,Le plan de formation intègre les diffusions de sensibilisations et formations aux aspects NR.,,,,,,
13,UX/UI,UX/UI-3.05,A,A,B,Rendre disponible et accessible le service numérique au plus grand nombre d'utilisateurs,Une stratégie de compatibilité avec les terminaux et versions logicielles obsolètes est-elle définie ?,"Les avancées technologiques poussent à augmenter en permanence les exigences matérielles, ce qui réduit le parc de périphériques sur lesquels un service peut s'exécuter. Cet aspect écarte certains utilisateurs et pousse au renouvellement d'équipements encore en état de fonctionner avec l'impact environnemental associé.",Utilisation,"La liste des terminaux est-elle élargie aux terminaux cibles secondaires ? 

Existe-t-il des exigences particulières en terme d'expérience utilisateur (habitudes à une interface existante, à un terminal donné) ? ",Vos personae sont ils qualifiés au niveau des devices et OS associés?,"Est-ce que la démarche responsive et l'application de la démarche mobile first sont mises en oeuvre ?
",,,RECO,***,,INCONTOURNABLE,#PERF ; #USE ; #DEBT  ; #OBSO,Dev ; Designer ; ProductOwner ;,(X / Y ) * 100,Formalisés = 100 ; prévus = 75 ; Identifiés = 50 ; Non = 0,100,High,Periodic,Chaque élément référencé dans le Dossier Technique porte une information de degrés de compatibilité,,,Y,#SCRIPT,**,Outils simulateurs terminaux
14,UX/UI,UX/UI-4.01,C,A,A,"Permettre aux personnes en situation de handicap ou souffrant de déficiences, d'accéder et d'utiliser efficacement le service numérique","Dès la conception, le service répond-t-il aux normes d'accessibilité en vigueur (au minimum) ?","Au delà des aspects purement réglementaires, l'anticipation de la prise en compte de l'accessibilité est nécessaire pour assurer une couverture de ce sujet durant toute la durée de vie du service. Anticiper les futurs points de règlements et normes permet de pérenniser le service en limitant les besoins de mises à jour dictées par l'environnement légal. ",Conception,Quel est le niveau d'accessibilité visé et mesuré ?,Des personas représentatifs des différents handicaps et déficiences sont-ils présents ? ,"Des tests (contrastes, lisibilité, polices usabilité), effectués avec des outils ou des personnes en situation de handicap, sont-ils prévus ?


","Loi 2005
SL : Inclusive design Toolkit Univertsity of cambridge
SL Microsoft Inclusive design toolkit
Référentiel RGAA : niv.A, niv.AA et niv.AAA","http://www.inclusivedesigntoolkit.com/tools_simulation/

https://www.microsoft.com/design/inclusive/",RECO,**,,INCONTOURNABLE,#USE ; #VALUE ; #LEG,Dev ; Designer ; ProductOwner ;,(X / Y ) * 100,Formalisés = 100 ; prévus = 75 ; Identifiés = 50 ; Non = 0,100,High,OnUpdate,"Les aspects reglementaires et légaux sont exprimés, validés et partagés",,,,,,
15,UX/UI,UX/UI-5.C01,A,B,B,"""Less is More"" : Concentrez vous sur les fonctionnalités essentielles et simplifiez votre interface","Une sobriété visuelle est-elle mise en place, pour limiter les ressources énergétiques et l'impact sur la dégradation matérielle des composants visuels, sonores et tactiles constitutifs de l'interface ?","Des éléments/composants visuels, sonores et tactiles peuvent être mis en avant dans une démarche purement esthétique et/ou marketing mais n'ont que très peu d'intérêt pour l'utilisateur. La simplification de ces éléments apportera une meilleure ergonomie et un usage adapté à chacun ainsi qu'une réduction de l'impact énergétique.",Réalisation,"La charte graphique est-elle éco-compatible ?
La charte graphique respecte-t-elle les normes d'accessibilité ?
","Une liste d'impacts énergétiques a-t-elle été réalisée ? 
Des objectifs de réduction d'impact sont-ils mis en place et partagés avec toute l'équipe ?",Les designers en charge sont-ils formés au design visuel responsable ? ,,,CONSEIL,N/A,,INCONTOURNABLE,#USE ; #VALUE ;,Dev ; Designer ; ProductOwner ;,(X / Y ) * 100,Formalisés = 100 ; prévus = 75 ; Identifiés = 50 ; Non = 0,100,High,OnUpdate,Un module dark mode est systématiquement proposé,,,,,,
16,UX/UI,UX/UI-5.01,A,A,B,"""Less is More"" : Concentrez vous sur les fonctionnalités essentielles et simplifiez votre interface",Est-ce que les fonctionnalités sont utilisées par l'utilisateur ?,"Selon des études (cast software et standish group), 70% des fonctionnalités ne sont jamais ou rarement utilisées. (ref 115 bonnes pratiques)

Le nombre de fonctionnalités disponibles dans un service numérique impactent directement la consommation de ressources et l'impact environnemental, en créant des fonctionnalités de peu d'utilité. Ce sont des sources de création de dettes environnementales totalement inutiles. Les fonctionnalités augmentent aussi le volume du service, qui introduisent des délais de chargements, des espaces de stockage supplémentaires.",Utilisation,Les fonctionnalités proposées sont-elles attendues et utilisées par vos cibles et apportent-elles une réelle valeur à votre produit ?,Mesurer l'usage de chaque feature et limiter votre produit au juste besoin des utilisateurs,"Dans le respect des recommandations d'utilisation des outils de tracking, avez-vous mis en place des outils de suivi ?",- Méthode MoscoW,,RECO,**,,INCONTOURNABLE,#VOL ; #USE ; #VALUE ; #METH ;,Dev ; Designer ; ProductOwner ;,(X / Y ) * 100,Validations d'utilisation,Fonctionnalités,High,Periodic,Les parcours utilisateurs sont simulés et validés pour identifier les utilisations de fonctionnalités. Des données sont identifiées et collectées (analytics / sondes) en production.  ,,,,,,
17,UX/UI,UX/UI-8.02,A,B,A,"Ingénierie média : alléger au maximum les médias du service numérique ( images, animations, contenu ... )","Une politique de gestion/utilisation des médias afin de réduire leurs impacts est-elle en place, avec des critères de compression et de formats des médias ?
",Le volume de données transférées augmente l'empreinte environnementale du service. Il est nécessaire de proposer les médias nécessaires à l'affichage du service dans la compression idoine afin d'améliorer le service et augmenter sa sobriété. ,Réalisation,Une checklist de qualité environnementale des médias utilisés dans le service est-elle utilisée ?  ,L'automatisation de compression de tous les médias utilisés est-elle mise en place ? ,Une alternative à chaque média a-t-elle été proposée (remplacement d'une vidéo par une image ou du texte par ex.) ?,,,RECO,*,,INCONTOURNABLE,#PERF ; #VOL ; #USE ; #VALUE ; #METH,Dev ; Designer ;,(X / Y ) * 100,Media compressés,Supports media,High,OnUpdate,Les outils/consoles de développement et les extensions des navigateurs permettent de vérifier les bonnes pratiques (ex : CHROME - Extension greenIT / bonnes pratiques),,,Y,#SCRIPT,*,Outils parser code
18,UX/UI,UX/UI-8.03,A,B,B,"Ingénierie média : alléger au maximum les médias du service numérique ( images, animations, contenu ... )","Le nombre de polices de caractères (fonts) et les variantes de polices appelées (graisse, caractères utilisés dans le projet) sont-ils limités ?","Les polices de caractères peuvent être très volumineuses. En réduisant le nombre de polices uniquement à celles utilisées dans le service, la  volumétrie échangée diminue.",Conception,"Une typo système peut-elle être utilisée ? 
","Lorsqu'une typo externe est utilisée, son poids a-t-il été vérifié et existe-t-il une alternative plus légère ? 
","Le fichier typographique chargé est-il limité aux stricts caractères, langues et graisses utiles pour le service, la création d'une sub-font est-elle envisagée ?
Lors de l'intégration de polices propriétaires, les formats récents optimisés (par ex : WOTF2) sont-ils utilisés ?",,,RECO,*,,INCONTOURNABLE,#PERF ; #VOL ; #USE ; #VALUE ; #METH,Dev ; Designer ;,(X / Y ) * 100,Moins de 3 polices = 100 ; 3-5 polices = 50 ; Plus de 5 = 0,100,High,OnUpdate,Les outils/consoles de développement et les extensions des navigateurs permettent de vérifier les bonnes pratiques (ex : FIREFOX - console / alertes),,,Y,#SCRIPT,*,Outils parser code
19,UX/UI,UX/UI-10.01,A,B,A,"Valeur: concevez un Service Numérique éthique, en ligne avec vos valeurs",Le service évite-t-il les Dark Patterns ?,Certains services sont pensés pour créer une certaine forme de dépendance à celui-ci. L'utilisateur ne doit pas être soumis et exposé à certaines mécaniques de sur-consommation numérique.,Conception,La Force Continuity (perpétuation d'abonnement) peut-elle être bannie dans les services proposés ?,"Le principe de ""Friend spam"" est-il exclu ?","L'autoplay en continu des vidéos est-il désactivé par défaut  (Binge watching) ?
Aucune contre-partie n'est-elle demandée en feedback d'une action utilisateur ? 
La ""technique Privacy Zuckering"" afin de forcer l'utilisateur à partager publiquement des informations personnelles est-elle exclue ? Est-il possible de la supprimer ou à défaut, d'expliquer à l'utilisateur dans quel but elle est en place ?

",,,RECO,**,,INCONTOURNABLE,#USE ; #COM ; #VALUE ; #METH,Dev ; Designer ;  ProductOwner,(X / Y ) * 100,Formalisés = 100 ; prévus = 75 ; Identifiés = 50 ; Non = 0,100,High,OnUpdate,Réalisation d'une étude de captologie,,,Y,#SCRIPT,***,Outils parser code
20,UX/UI,UX/UI-10.03,B,A,A,"Valeur: concevez un Service Numérique éthique, en ligne avec vos valeurs",Des règles en matière de respect de l'utilisateur sont-elles mises en place ?  ,Certains services sont pensés pour créer une certaine forme de dépendance à celui-ci. L'utilisateur doit pouvoir rester objectivement juge de sa consommation numérique,Conception,Une charte éthique numérique est-elle définie ? ,"Un diagnostic du design attentionnel a-t-il été réalisé ? 
L'éthique du projet a-t-elle été testée auprès du référent juridique / éthique ? ","La Misdirection (manipulation, même visuelle, pour orienter les choix utilisateurs) est-elle pratiquée ?
L'usage des notifications est-il limité au strict nécessaire ?  ", Design attentionnel + Jeu Beurktionary par les Designers ethiques," Méthode de diagnostic du design attentionnel

beurk-design-agency
 Designers ethiques.org",RECO,***,,INCONTOURNABLE,#USE ; #COM ; #VALUE ;,Dev ; Designer ;  ProductOwner,(X / Y ) * 100,Formalisés = 100 ; prévus = 75 ; Identifiés = 50 ; Non = 0,100,Medium,OnUpdate,Réalisation d'une étude de captologie,,,,,,
21,CONTENUS,CTN-1.03,B,B,C,Appliquer une démarche éditoriale pour les contenus,"Les balises de mise en forme de texte répondent-elles au besoin de hiérarchisation des informations, et pas à des mises en valeur de présentation ?","Les automates et assistants d'accessibilité utilisent les balises pour se repérer et structurer la restitution. L'emploi de balises ne correspondant pas à la structure du contenu, par exemple pour des mises en forme de texte, rendent l'utilisation de ces assistants plus difficiles pour une bonne compréhension du contenu.",Réalisation,N'utilisez vous pas des balises H pour mettre en évidence du texte ? ,,,Critère RGAA 8.9,,RECO,*,,INCONTOURNABLE,#USE ; #COM ;,Dev ; Designer ;,(X / Y ) * 100,Tags analysés,Tags Hx,Medium,OnUpdate,L'analyse des codes sources permet de vérifier l'utilisation des balises HTML,,,,,,
22,CONTENUS,CTN-2.01,A,B,B,Réduire l'empreinte des contenus statiques,Est-ce  que les images ont été compressées en amont dans un format adapté pour sa visualisation ?,"La transmission de données compressées est indispensable pour réduire l'impact des échanges, en revanche les algorithmes de compression sont consommateurs de ressources techniques de traitement, de stockage intermédiaire. Lorsque les compressions sont effectuées à chaque demande d'échange, le bénéfice de la compression peut disparaître ou même augmenter l'impact.",Réalisation,Chaque image utilise-t-elle un format  standard du web et propose une alternative pour certains formats optimisés qui ne seraient pas disponibles sur tous les environnements ?,Chaque image utilise-t-elle un degré de compression adapté au rendu de l'image sur le service numérique ?,...,RGAA / norme ou certif (14062?),,RECO,*,,INCONTOURNABLE,#PERF ; #VOL ;  #USE ; #COM ; #VALUE ; #METH,Dev ; Designer ;,(X / Y ) * 100,Images compressées,Images,High,OnUpdate,Les outils/consoles de développement et les extensions des navigateurs permettent de vérifier les bonnes pratiques (ex : CHROME - Extension greenIT / bonnes pratiques),,,Y,#SCRIPT,*,Outils parser code
23,CONTENUS,CTN-3.05,A,B,B,"Eviter les contenus actifs, conserver les contenus dynamiques sous contrôle de l'utilisateur",Est-ce que l'information portée par la vidéo peut être remplacée par une alternative (infographie...),"Les informations apportées par la vidéo sont souvent transposables de manière à être proposées sous forme statique, nettement moins consommatrices de ressources.",Conception,"Combien de vidéos avez-vous transformé, par exemple en infographie qui réduit l'impact NR ?",La solution vidéo ou des alternatives ont-elle été évaluées du point de vue NR ?,,,,RECO,*,,INCONTOURNABLE,#PERF ; #VOL ;  #USE ; #COM ; #VALUE ; #METH,Dev ; Designer ;  ProductOwner,(X / Y ) * 100,Vidéos analysées,Vidéos,High,OnUpdate,Les vidéos portent des méta-datas permettant de valider la pertinence du contenu et de le restituer sous une autre forme ,,,,,,
24,CONTENUS,CTN-5.05,A,C,A,Assurer la liaison entre les contenus et usages,"Les documents à télécharger sont-ils compressés, optimisés et accessibles ?",Les documents disponibles pour l'utilisateur dans le service doivent être compressés pour réduire les impacts liés aux transferts de ces données.,Déploiement,Tous vos documents sont-ils compressés ?,Les tailles et  formats des fichiers sont-ils connus de l'utilisateur avant son opération de téléchargement ?,,PIDILA-443 / Opquast 108-109 / CF 115 bonnes pratiques d'écoconception (BP n°108 and 109),,RECO,*,,INCONTOURNABLE,#VOL ; #USE ; #METH,Dev ; Designer ;  ProductOwner,(X / Y ) * 100,Documents compressés,Documents disponibles,High,OnUpdate,"Les tests de navigation / parcours utilisateur couvrent les téléchargements, les outils de développement des navigateurs permettent de suivre les volumes de données (ex:  CHROME - network)",,,Y,#SCRIPT,**,Outils simulateurs
25,ARCHITECTURE,ARCH-2.03,A,B,A,Anticiper l'exploitation des services,"Est-ce que les environnements autres que production (DEV, QA, ...) sont éteints ou décommissionnés en dehors des plages d'usage (la nuit, en dehors des périodes de tests)?","En dehors de la production, qui peut avoir une exigence de disponibilité 24/7, les autres environnements (tests, intégration, recette) sont le plus souvent liés à des opérations humaines soumises à des plages horaires restreintes, voire à des périodes limitées. Lorsque les environnements ne sont pas utilisés, ils ne doivent pas être actifs afin de réduire les consommations énergétiques de ces configurations. Ils doivent être décommissionnés lorsqu'aucune utilisation ultérieure n'est envisagée sur une longue période.",Administration,Est-ce que l'infrastructure / l'application éteint les environnements non sollicités en permanence ?,Est-ce que l'application met en place de l'autoscaling pour ajuster à la baisse (ou à la hausse) le nombre d'instances du service (scalabilité horizontale) ?,,"Lien d'une étude qui statue que 30% des serveurs sont dans un état ""comateux""
https://www.anthesisgroup.com/wp-content/uploads/2019/11/Case-Study_DataSupports30PercentComatoseEstimate-FINAL_06032015.pdf
(Amaury)
",,RECO,*,,INCONTOURNABLE,#PERF ; #VOL ; #SEC ; #USE ;,Dev ; ProjectMngr ; ITMngr ;,(X / Y ) * 100,Formalisés = 100 ; prévus = 75 ; Identifiés = 50 ; Non = 0,100,Low,Periodic,Le dossier technique des équipements prend en compte les périodes d'utilisation et les règles d'extinction / décommissionnement.,,,Y,#PROCESS,***,Outils supervision
26,ARCHITECTURE,ARCH-7.02,B,B,B,"Associer les données, les flux, les applicatifs et la sécurité pour permettre leur identification et leur traçabilité","Chaque composant déployé est-il qualifié du point de vue de sa durée de vie, et les procédures de déprovisonnement sont-elles systématiquement exprimées ?","Toutes les ressources d'un composant doivent être gérées et une durée de vie, un processus de retrait doit être mis en place. Ces éléments doivent aussi prendre en compte les traitements récurrents (batch, CRON, ..), les données et les sauvegardes. Le maintien ou l'oubli sur des systèmes en production de composants inactifs est à la fois un gaspillage de ressources, mais aussi une fragilité dans la sécurité.",Fin de Vie,Quelle durée de vie est associée à chaque composant ?,Quelle est la fréquence de revue des données expirées ?,,,,RECO,*,,INCONTOURNABLE,#PERF ; #VOL ; #SEC ; #USE ; #MAINT ; #DEBT ; #METH ;,Dev ; ProjectMngr ; ITMngr ;,(X / Y ) * 100,Formalisés = 100 ; prévus = 75 ; Identifiés = 50 ; Non = 0,100,Medium,Periodic,Chaque élément référencé dans le Dossier Technique porte une information de fin de vie,,,,,,
27,ARCHITECTURE,ARCH-9.01,B,B,B,Définir les objectifs NR du projet et leur adéquation dans le contexte opérationnel,L'ensemble des équipements techniques utilisés par le service sont-ils identifiés?,"La conception, le développement, les tests, la production, la gestion de disponibilité sont des étapes qui vont utiliser des ressources techniques. Chacune de ces ressources doit être identifiée et ses caractéristiques répertoriées. ",Acquisition,Quels sont les équipements qui devront faire l'objet d'une acquisition ou d'un remplacement ?,,,,,RECO,*,,INCONTOURNABLE,#PERF ; #VOL ;  #MAINT ;  #DEBT ; #GOV ; #BUY ; #FIN  ; #OBSO,Dev ; ProjectMngr ; ITMngr ;,(X / Y ) * 100,Formalisés = 100 ; prévus = 75 ; Identifiés = 50 ; Non = 0,100,High,OnUpdate,Une gestion de configuration est mise en place,,,Y,#PROCESS,**,Outils Config Management
28,FRONTEND,FRT-3.02,B,C,B,Utiliser les environnements et outils qui permettent de limiter les impacts,Est-ce que les fonctionnalités couvertes par des actions locales (côté client) sont privilégiées plutôt que des échanges API ?,"Les charges introduites par la sollicitation de ressources distantes via des mécanismes API peuvent être importantes. Certaines fonctionnalités pourraient être couvertes par des actions locales plutôt que distantes ce qui réduit la volumétrie des échanges et le nombre de composants mis en oeuvre, donc réduit l'impact environnemental. En revanche, il ne faut pas que le traitement en local d'une fonctionnalité qui peut nécessiter de nouvelles dépendances techniques, alourdisse la charge sur le front end.",Réalisation,L'utilisation d'API externes est-elle limitée (si possible) ?,,,,,RECO,*,,INCONTOURNABLE,#PERF ; #VOL ; #USE ; #METH,Dev ; ProjectMngr ; ITMngr ;,(X / Y ) * 100,Fonctionnalités analysées,Fonctionnalités elligibles,High,OnUpdate,"Les tests de navigation / parcours utilisateur couvrent les accès API, les outils de développement des navigateurs permettent de suivre les volumes de données (ex:  CHROME - network)",,,,,,
29,FRONTEND,FRT-4.01,A,B,B,Réduire les effets d'obsolescence,La plage de rétro-compatibilité est-elle définie ?,"Les équipements utilisateurs sont de plus en plus performants. Lorsque les services numériques exploitent toutes les capacités des équipements, cela écarte certains publics qui ne disposent pas des même outils performants. Cela empêche aussi d'aborder la fourniture des fonctionnalités avec des moyens moins gourmands en ressources mais procurant le même résultat.",Réalisation,La liste des équipements est-elle mise à jour ?,,,,,RECO,*,,INCONTOURNABLE,"#PERF ; #VOL ; #SEC ; #USE ; #VALUE ; #METH ; #OBSO
",Dev ; ProjectMngr ; ProductOwner ; ITMngr ;,(X / Y ) * 100,Formalisés = 100 ; prévus = 75 ; Identifiés = 50 ; Non = 0,100,High,Periodic,Chaque élément référencé dans le Dossier Technique porte une information de degrés de compatibilité,,,,,,
30,FRONTEND,FRT-5.01,A,A,A,Implémenter et développer les fonctionnalités pour limiter les impacts,Les fonctionnalités du service ne vont-elles pas au-delà des besoins utilisateurs ?,"Le nombre de fonctionnalités disponibles dans un service numérique impactent directement la consommation de ressources et l'impact environnemental. En créant des fonctionnalités de peu d'utilité ce sont des sources de création de dettes environnementales totalement inutiles. Les fonctionnalités augmentent aussi le volume du service, qui introduisent des délais de chargements et des espaces de stockage supplémentaires.",Conception,Chaque fonctionnalité est-elle retirée si elle n'est pas en relation avec un usage défini ?,,,,,RECO,*,,INCONTOURNABLE,#PERF ; #VOL ; #SEC ; #USE ; #VALUE ; #METH,Dev ; ProjectMngr ; ProductOwner ; ITMngr ;,(X / Y ) * 100,Fonctionnalités utilisées,Fonctionnalités déployées,High,OnUpdate,Des données sont identifiées et collectées (analytics / sondes) en production pour identifier les usages et les fonctionnalités superflues.  ,,,,,,
31,FRONTEND,FRT-9.06,A,A,B,Implémenter des solutions techniques dont l'impact est le plus faible,Une version épurée est-elle disponible pour les impressions ?,"Les flux de dématérialisation sont parfois rompus, et imposent la production d'écrits sur papiers. L'utilisateur dans certains cas peut aussi être plus confortable à utiliser des documents imprimés plutôt que 100% électroniques. Les impressions ont un impact environnemental important, que ce soit dans la consommation de papier, de consommables tels que les cartouches et encres d'impression. Les besoins de présentation en électronique ou en impression sont différents, d'autre part la limitation de l'empreinte environnementale doit conduire à réduire la densité et le volume d'informations imprimées.",Utilisation,Le format d'impression est-il spécifié pour réduire l'espace et l'encre utilisé ?,,,Opquast 30/GreenIT 27 / Pidila 346 - 347,,RECO,*,,INCONTOURNABLE,#VOL ; #USE ;  #METH ;,Dev ; ProjectMngr ; ITMngr ;,(X / Y ) * 100,Formalisés = 100 ; prévus = 75 ; Identifiés = 50 ; Non = 0,100,High,OnUpdate,Les tests de navigation / parcours utilisateur couvrent les impressions et l'analyse des documents imprimés,,,Y,#SCRIPT,**,Outils parser code
32,FRONTEND,FRT-10.01,A,B,A,Rechercher la mise en oeuvre de comportements sobres,"Les objets de cartographie, animations, vidéos sont-ils présentés dans un mode statique ?","Les objets de cartographie n'ont pas toujours une pertinence à être présentés sous forme d'objets dynamiques et interactifs. La version statique sous forme d'image des plans peut apporter à l'utilisateur suffisamment d'information sans qu'il n'ait besoin d'interagir avec l'objet. Les objets de cartographie sont complexes et nécessitent des ressources de traitements et l'utilisation de capteurs, ce que les versions images des plans évite. L'utilisateur conserve la possibilité d'interaction en activant la version dynamique mais uniquement à sa demande.",Réalisation,"Une image statique est-elle affichée plutôt qu'un objet de cartographie, animation, vidéo ?","Les éléments de cartographie, animation, vidéo sont-ils proposés sous forme d'image et ouverts uniquement sur demande de l'utilisateur ?",,,,RECO,*,,INCONTOURNABLE,#PERF ; #VOL ; #USE ; #VALUE; #METH ;,Dev ; ProjectMngr ; ITMngr ;,(X / Y ) * 100,Objets analysés,Objets dynamiques,High,OnUpdate,L'analyse des codes sources et les tests de navigation couvrent la recherche des éléments dynamiques.,,,,,,
33,BACKEND,BCK-1.01,A,C,A,Réduire l'impact des données de leur stockage et accès,"Est-ce que le nombre de requêtes est minimisé (proscrire l'usage de boucle) ?
","Chaque échange va consommer des ressources sur l'émetteur et le destinataire, consommer des flux d'échange et des données. Il est nécessaire de réduire ces échanges",Réalisation,Combien de requêtes sont utilisées pour un parcours utilisateur ?,,,Opquast 71/GreenIT 72,,RECO,*,,INCONTOURNABLE,#PERF ; #VOL ; #SEC ; #USE ; #METH ;,Dev ; ProjectMngr ; ITMngr ;,(X / Y ) * 100,Formalisés = 100 ; prévus = 75 ; Identifiés = 50 ; Non = 0,100,High,OnUpdate,L'analyse des codes sources couvrent les éléments de performance.,,,Y,#SCRIPT,**,Outils parser code
34,BACKEND,BCK-2.07,B,B,B,"Utiliser les composants techniques qui améliorent les aspects NR, sécurité et performance",Les fonctionnalités sont-elles documentées pour permettre leur réutilisation ?,"D'une part dans une organisation les projets présentent beaucoup de similitudes, d'autre part les aspects NR adressés dans les projets sont souvent du même ordre. Afin de capitaliser sur ces éléments et bénéficier des efforts produits, il est nécessaire de s'appuyer sur un socle de connaissances stables. Toutefois la maturité d'une organisation d'un point de vue NR est amenée à progresser, il faut donc que les étapes documentées puissent aussi suivre ces évolutions et participer activement à cet accroissement de maturité. ",Revalorisation,Quelles informations de conception sont consignées pour être réutilisées dans les autres projets ?,,,,,RECO,*,,INCONTOURNABLE,#MAINT ; #COM ; #VALUE ; #DEBT ; #METH ; #FIN ;,Dev ; ProjectMngr ; ITMngr ;,(X / Y ) * 100,Formalisés = 100 ; prévus = 75 ; Identifiés = 50 ; Non = 0,100,Low,OnUpdate,La documentation technique intègre des éléments NR,,,,,,
35,BACKEND,BCK-3.01,A,B,A,Limiter la volumétrie des échanges ,Est-ce que les données échangées sont compressées / minifiées avant transmission ?,"Les échanges indispensables doivent permettre de réduire la volumétrie des transferts. La minification des échanges, la compression des données échangées permettent de réduire ces volumes. Toutefois les opérations de compression et décompression nécessitent des exécutions de traitements qui peuvent annuler le bénéfice de la compression des échanges.",Déploiement,Quel gain est obtenu par compression ?,Les données de production sont-elles systématiquement minifiées ?,,Pidila 437,,RECO,*,,INCONTOURNABLE,#PERF ; #VOL ;  #USE ;  #METH ;,Dev ; ProjectMngr ; ITMngr ;,(X / Y ) * 100,Volume compressé,Volume de transfert,High,OnUpdate,Les outils/consoles de développement et les extensions des navigateurs permettent de vérifier les bonnes pratiques (ex : CHROME - Extension greenIT / bonnes pratiques),,,Y,#PROCESS,**,Outils supervision
36,BACKEND,BCK-6.01,A,B,A,Mettre en place une méthodologie qui favorise la prise en compte des aspects NR,Est-ce que la fonctionnalité envisagée est utile ?,"La sélection des fonctionnalités jugées indispensables peuvent être remises en cause dans leur forme initiale par rapport à leur impact NR. Dans ce cas, les coûts / bénéfices devront prendre en compte ces oppositions et faire l'objet d'adaptation pour faire converger les 2 approches : nécessité fonctionnelle et impact NR.",Conception,Chaque fonctionnalité est-elle associée à un usage identifié ?,,,Opquast 1 / GreenIT 1,,RECO,*,,INCONTOURNABLE,#PERF ; #VOL ; #SEC ; #USE ; #VALUE ; #METH,Dev ; ProjectMngr ; ProductOwner ;,(X / Y ) * 100,Fonctionnalités utilisées,Fonctionnalités déployées,High,Periodic,Des données sont identifiées et collectées (analytics / sondes) en production pour identifier les usages et les fonctionnalités superflues.  ,,,,,,
37,HEBERGEMENT,HEB-1.02,A,C,C,Réduire l'impact de l'hébergement,Les déchets issus du datacenter sont-ils valorisés ou recyclés ?,"Le traitement des déchets générés par un datacenter est complexe, il est donc nécessaire de l'adresser et de se préoccuper de sa bonne gestion en termes de recyclage et de respect de l'environnement.",Utilisation,Avez-vous les moyens de vérifier la filière de traitement des déchets ?,,,,,RECO,*,,INCONTOURNABLE,#USE ; #COM ; #VALUE ; #BUY,ProjectMngr ; ITMngr ;,(X / Y ) * 100,Formalisés = 100 ; prévus = 75 ; Identifiés = 50 ; Non = 0,100,Medium,Periodic,Le dossier technique de l'hébergement trace la revalorisation des déchets,,,,,,
38,HEBERGEMENT,HEB-1.06,A,C,C,Réduire l'impact de l'hébergement,Est-ce que le PUE (Power Usage Effectivness) est disponible ?,La puissance totale consommée par le datacenter en comparaison de la puissance consommée par les serveurs donnent l'efficacité globale de toute l'infrastructure.,Administration,"Le PUE est-il inférieur ou égal à 1,2 ?",Le datacenter suit-il le European code of conduct for data centres ?,,,,RECO,*,,INCONTOURNABLE,#USE ; #COM ; #VALUE ; #BUY,ProjectMngr ; ITMngr ;,(X / Y ) * 100,"PUE <= 1,2 = 100 ; PUE 1,2-1,4 = 75; PUE 14-1,6 = 50 ; PUE 1,6-1,8 = 25 ; PUE > 1,8 = 0",100,High,Periodic,Le dossier technique de l'hébergement trace l'éfficacité énergétique et les PUE des sites.,,,,,,
39,HEBERGEMENT,HEB-3.02,A,C,B,Adapter l'utilisation des équipements techniques aux besoins,La taille du parc physique est-il en adéquation avec le volume de machines virtuelles à exécuter ?,"Les techniques de virtualisation permettent de mutualiser les ressources physiques d'un serveur et d'un espace de stockage. Cette abstraction peut optimiser l'emploi du matériel, mais peut aussi conduire à sous-utiliser les équipements physiques et déployer de nouveaux équipements avant que le besoin ne soit réellement présent. L'impact environnemental total d'un serveur et de son utilisation est important.",Déploiement,L'allocation des ressources physiques par rapport aux machines virtuelles est-elle suivie ?,"Les ratios vCPU:pCPU sont-ils > 1:1 ?
",,,,RECO,*,,INCONTOURNABLE,#PERF ; #VOL ;  #USE ; #VALUE ; #FIN,ProjectMngr ; ITMngr ;,(X / Y ) * 100,Taux utisation VM > 60 = 100 ; 60-40 = 50 ; < 40 = 0,100,High,Periodic,Le dossier technique d'hébergement permet de suivre la gestion de configuration et l'adaptation aux besoins,,,,,,
40,HEBERGEMENT,HEB-4.02,B,B,B,Suivre les impacts de l'hébergeur,Les serveurs et les équipements techniques sont-ils certifiés ?,"Les normes, labels et certifications environnementales se généralisent. Les serveurs, les espaces de stockage, les équipements réseaux affichent de plus en plus fréquemment des adhésions à certaines de ces normes de fait ou standardisées. L'émergence de nouveaux marqueurs doit être surveillée pour permettre la meilleure solution.",Acquisition,"Les serveurs ont-ils une certification (ASHRAE, TCO8, ...) ?",,,18 - Le matériel informatique choisi fait l'objet d'une certification via un éco-label.,,RECO,*,,INCONTOURNABLE,#COM ; #VALUE ; #BUY ;,ProjectMngr ; ITMngr ;,(X / Y ) * 100,Oui = 100 ; Partiel = 50 ; Non = 0,100,High,Periodic,Le dossier technique de l'hébergement trace l'éfficacité énergétique et les certifications des équipements,,,,,,
41,HEBERGEMENT,HEB-4.06,B,B,B,Suivre les impacts de l'hébergeur,Le fournisseur expose-t-il tous ses indicateurs ?,"Le niveau de maturité NR des opérateurs de datacenter est très variable, lorsque les indicateurs de performances NR sont exposés cela démontre une maturité avancée. La communication d'indicateurs ne présume pas de la pertinence et de la fiabilité des indicateurs qui doivent aussi être exposés.",Administration,Quels indicateurs sont basés sur des données externes avec des sources fiables ?,,,,,RECO,*,,INCONTOURNABLE,#COM ; #VALUE ; #BUY ;,ProjectMngr ; ITMngr ;,(X / Y ) * 100,Oui = 100 ; Partiel = 50 ; Non = 0,100,High,Periodic,Le dossier technique de l'hébergement trace l'ensemble des indicateurs mis à disposition,,,,,,
42,HEBERGEMENT,HEB-4.08,A,B,B,Suivre les impacts de l'hébergeur,Les équipements en fin de vie sont-ils revalorisés ( vente / don / recyclage ... ) ?,"Le renouvellement du parc technique est incontournable, les équipements en capacité de servir des usages moins intenses doivent être reconditionnés et ré-injectés dans d'autres secteurs d'activité. Les matériels qui ne peuvent être remis en service doivent entrer dans une filière de recyclage fiable et chaque étape doit être tracée pour garantir sa conformité avec les exigences NR.",Fin de Vie,La chaîne est-elle traçable ?,,,,,RECO,*,,INCONTOURNABLE,#COM ; #VALUE ; #BUY  ; #OBSO,ProjectMngr ; ITMngr ;,(X / Y ) * 100,Oui = 100 ; Partiel = 50 ; Non = 0,100,Medium,Periodic,Le dossier technique de l'hébergement trace la filière de revalorisation,,,,,,
